scenario,scenario_label,gridiv,name,type,dangerous_heat_hours,analysis_hours,max_t2,mean_t2,population_day,hazard,exposure,vulnerability,risk_index,risk_level,risk_rank,vuln_elderly,vuln_young,vuln_no_ac,vuln_outdoor_work,vuln_deprivation,bldgs,green_blue_fraction,impervious_fraction
present,Present,4,Kampong Lama,hotspot,34,721,37.9757505039283,30.15549364152538,300.0,0.6037735849056604,1.0,0.9497206703910615,1.0,Critical,1,0.07,0.13,0.92,0.62,0.82,0.14,0.07,0.85
present,Present,5,Dhobi Lines,hotspot,21,721,37.48197426349145,30.01623849023807,300.0,0.3584905660377358,1.0,0.9162011173184357,0.8304870213040418,Critical,2,0.08,0.12,0.9,0.6,0.8,0.17,0.07,0.8500000000000001
present,Present,9,Fuzhou Lanes,hotspot,17,721,37.29450229071652,29.94183488176989,300.0,0.2830188679245283,1.0,0.9720670391061452,0.7828535690579665,Critical,3,0.08,0.13,0.9299999999999999,0.63,0.83,0.35,0.07,0.85
future_plus_2p5c,+2.5 C future,4,Kampong Lama,hotspot,153,721,40.51676698614671,32.66882404245937,300.0,0.8703703703703703,1.0,0.9497206703910615,1.0,Critical,1,0.07,0.13,0.92,0.62,0.82,0.14,0.07,0.85
future_plus_2p5c,+2.5 C future,9,Fuzhou Lanes,hotspot,133,721,39.818742560767326,32.45361607446601,300.0,0.6851851851851852,1.0,0.9720670391061452,0.9305393243185861,Critical,2,0.08,0.13,0.9299999999999999,0.63,0.83,0.35,0.07,0.85
future_plus_2p5c,+2.5 C future,5,Dhobi Lines,hotspot,135,721,40.0162099990498,32.527944357922344,300.0,0.7037037037037037,1.0,0.9162011173184357,0.9205065612606351,Critical,3,0.08,0.12,0.9,0.6,0.8,0.17,0.07,0.8500000000000001
future_plus_2p5c,+2.5 C future,7,Mlima Moto,hotspot,100,721,38.71413879057033,32.232666273994695,300.0,0.37962962962962965,1.0,1.0,0.7715309827149499,Critical,4,0.07,0.14,0.94,0.65,0.85,0.34,0.07,0.8500000000000001
